Date,Open,High,Low,Close,Volume
2025-05-21 17:57:00,106205.7,106302.9,106093.9,106240.1,838.991
2025-05-21 17:58:00,106240.1,106351.1,106190.0,106350.0,667.193
2025-05-21 17:59:00,106350.0,106600.1,106337.6,106566.8,1394.565
2025-05-21 18:00:00,106566.9,106600.0,106430.0,106494.8,1169.495
2025-05-21 18:01:00,106494.7,106655.9,106482.3,106517.8,469.598
2025-05-21 18:02:00,106517.7,106579.1,106427.1,106525.3,463.878
2025-05-21 18:03:00,106525.4,106525.4,106305.1,106307.8,400.353
2025-05-21 18:04:00,106307.8,106625.0,106271.2,106612.8,381.436
2025-05-21 18:05:00,106612.9,106696.8,106553.3,106654.7,405.603
2025-05-21 18:06:00,106654.8,106945.1,106626.8,106945.0,843.176
2025-05-21 18:07:00,106945.1,106972.1,106838.2,106883.2,526.571
2025-05-21 18:08:00,106883.1,106949.9,106864.8,106949.9,344.774
2025-05-21 18:09:00,106949.9,107039.0,106899.9,107030.2,781.072
2025-05-21 18:10:00,107030.2,107056.8,106779.7,106823.7,631.398
2025-05-21 18:11:00,106823.7,106823.8,106724.8,106741.1,281.027
2025-05-21 18:12:00,106741.1,106808.1,106731.8,106760.1,254.994
2025-05-21 18:13:00,106760.0,106793.2,106716.5,106773.7,149.874
2025-05-21 18:14:00,106773.7,106820.8,106714.5,106804.6,280.58
2025-05-21 18:15:00,106804.6,106929.1,106715.5,106929.0,292.451
2025-05-21 18:16:00,106929.1,107038.8,106864.9,106977.8,396.174
2025-05-21 18:17:00,106977.8,107023.4,106863.0,106917.1,401.051
2025-05-21 18:18:00,106917.1,106965.4,106886.9,106934.3,264.368
2025-05-21 18:19:00,106934.4,106934.4,106852.5,106893.6,314.644
2025-05-21 18:20:00,106893.2,106893.2,106609.3,106609.3,447.603
2025-05-21 18:21:00,106609.3,106660.2,106560.7,106626.3,421.292
2025-05-21 18:22:00,106626.3,106635.6,106452.7,106452.7,397.718
2025-05-21 18:23:00,106452.7,106668.1,106440.0,106609.3,284.975
2025-05-21 18:24:00,106609.2,106609.2,106486.4,106546.3,133.551
2025-05-21 18:25:00,106546.3,106668.2,106494.8,106560.6,322.466
2025-05-21 18:26:00,106560.6,106674.5,106494.9,106518.8,202.139
2025-05-21 18:27:00,106518.7,106660.0,106516.7,106588.0,270.964
2025-05-21 18:28:00,106588.1,106720.1,106567.0,106614.6,278.749
2025-05-21 18:29:00,106614.5,106725.6,106611.7,106627.9,174.819
2025-05-21 18:30:00,106627.8,106739.3,106593.3,106722.4,184.221
2025-05-21 18:31:00,106722.3,106841.1,106700.0,106752.3,219.872
2025-05-21 18:32:00,106752.4,106873.1,106745.7,106761.2,367.272
2025-05-21 18:33:00,106761.1,106857.1,106715.9,106830.0,143.133
2025-05-21 18:34:00,106830.0,106896.3,106784.4,106877.0,172.88
2025-05-21 18:35:00,106876.9,106919.9,106754.0,106870.7,241.504
2025-05-21 18:36:00,106870.7,106925.2,106828.2,106920.6,178.142
2025-05-21 18:37:00,106920.6,106966.0,106882.6,106908.6,211.828
2025-05-21 18:38:00,106908.5,106908.5,106789.1,106825.9,136.495
2025-05-21 18:39:00,106826.0,106938.4,106807.7,106938.3,89.688
2025-05-21 18:40:00,106938.3,106968.8,106910.0,106962.6,86.587
2025-05-21 18:41:00,106962.6,107088.8,106934.9,107016.4,343.09
2025-05-21 18:42:00,107016.4,107018.5,106911.1,106973.3,105.613
2025-05-21 18:43:00,106973.2,107160.9,106960.9,107147.7,273.207
2025-05-21 18:44:00,107147.7,107351.4,107073.7,107278.2,929.658
2025-05-21 18:45:00,107278.1,107338.5,107200.0,107280.5,602.995
2025-05-21 18:46:00,107280.6,107370.0,107272.8,107355.0,537.242
2025-05-21 18:47:00,107354.9,107360.5,106931.8,107006.3,1198.967
2025-05-21 18:48:00,107002.1,107160.0,106962.2,107115.7,390.444
2025-05-21 18:49:00,107115.7,107176.2,106989.2,107033.8,193.478
2025-05-21 18:50:00,107033.9,107148.9,107007.6,107148.9,171.906
2025-05-21 18:51:00,107148.9,107244.9,107109.1,107121.4,169.534
2025-05-21 18:52:00,107121.5,107162.8,107066.6,107124.1,141.851
2025-05-21 18:53:00,107124.0,107159.5,107054.1,107078.0,106.102
2025-05-21 18:54:00,107078.0,107102.3,106983.5,106983.5,132.546
2025-05-21 18:55:00,106983.3,106997.7,106910.0,106963.6,143.108
2025-05-21 18:56:00,106963.5,106963.6,106842.0,106864.3,175.785
2025-05-21 18:57:00,106864.3,106937.0,106835.4,106908.0,103.427
2025-05-21 18:58:00,106907.8,107001.4,106907.7,106947.0,156.83
2025-05-21 18:59:00,106947.1,106990.0,106897.6,106911.7,103.561
2025-05-21 19:00:00,106911.7,106942.6,106873.0,106937.9,225.009
2025-05-21 19:01:00,106937.9,107027.1,106923.9,106953.5,158.202
2025-05-21 19:02:00,106953.5,107078.9,106946.6,107045.4,219.44
2025-05-21 19:03:00,107045.4,107120.2,107030.0,107087.1,92.51
2025-05-21 19:04:00,107087.1,107138.8,107087.1,107101.3,142.291
2025-05-21 19:05:00,107101.3,107246.0,107097.1,107226.7,654.741
2025-05-21 19:06:00,107226.6,107226.7,106964.2,106983.0,214.236
2025-05-21 19:07:00,106983.1,107027.9,106888.0,106894.7,168.235
2025-05-21 19:08:00,106894.7,106894.8,106800.0,106800.0,201.965
2025-05-21 19:09:00,106800.0,106823.0,106550.0,106586.4,974.676
2025-05-21 19:10:00,106586.4,106696.9,106569.5,106690.7,339.72
2025-05-21 19:11:00,106690.7,106766.6,106684.0,106686.1,174.935
2025-05-21 19:12:00,106686.0,106721.3,106653.4,106690.4,226.363
2025-05-21 19:13:00,106690.3,106875.0,106690.3,106870.8,272.441
2025-05-21 19:14:00,106870.9,106973.6,106870.8,106966.1,158.202
2025-05-21 19:15:00,106966.0,106980.9,106849.3,106935.6,224.373
2025-05-21 19:16:00,106935.6,107036.8,106905.3,107013.8,151.099
2025-05-21 19:17:00,107013.7,107037.7,106805.8,106842.3,186.768
2025-05-21 19:18:00,106842.3,106889.3,106807.1,106815.1,81.762
2025-05-21 19:19:00,106815.2,106906.6,106815.2,106879.9,103.72
2025-05-21 19:20:00,106879.8,106934.9,106844.8,106908.4,158.174
2025-05-21 19:21:00,106908.4,106947.4,106725.5,106727.5,149.85
2025-05-21 19:22:00,106727.5,106902.3,106727.5,106902.2,146.898
2025-05-21 19:23:00,106902.3,106989.7,106902.3,106961.5,141.275
2025-05-21 19:24:00,106961.5,106995.3,106947.5,106968.7,112.025
2025-05-21 19:25:00,106968.7,107011.8,106927.0,107003.1,102.227
2025-05-21 19:26:00,107003.1,107038.8,106935.0,106937.2,154.229
2025-05-21 19:27:00,106937.3,107168.4,106932.1,107120.7,219.928
2025-05-21 19:28:00,107120.7,107168.6,107104.8,107147.0,145.398
2025-05-21 19:29:00,107147.1,107178.4,107113.8,107174.6,98.429
2025-05-21 19:30:00,107174.5,107343.1,107174.5,107309.1,331.63
2025-05-21 19:31:00,107309.1,107471.8,107282.1,107471.2,379.96
2025-05-21 19:32:00,107471.2,107500.0,107364.3,107473.3,471.862
2025-05-21 19:33:00,107473.3,107534.7,107457.7,107522.0,475.038
2025-05-21 19:34:00,107522.0,107590.9,107497.0,107572.5,493.651
2025-05-21 19:35:00,107572.4,107652.2,107476.7,107547.0,532.183
2025-05-21 19:36:00,107546.9,107761.6,107546.9,107752.5,627.771
2025-05-21 19:37:00,107750.5,108053.2,107743.2,107992.8,1877.11
2025-05-21 19:38:00,107992.9,108200.0,107915.0,108189.5,1932.294
2025-05-21 19:39:00,108189.5,108300.0,108182.9,108286.2,1112.497
2025-05-21 19:40:00,108286.2,108382.9,108204.8,108373.7,672.317
2025-05-21 19:41:00,108373.7,108385.2,108210.9,108291.8,425.2
2025-05-21 19:42:00,108291.7,108323.1,108100.0,108119.2,455.494
2025-05-21 19:43:00,108119.3,108280.0,108102.4,108279.9,275.566
2025-05-21 19:44:00,108279.9,108295.0,108055.7,108060.0,474.886
2025-05-21 19:45:00,108060.0,108147.1,108012.6,108024.7,362.8
2025-05-21 19:46:00,108024.8,108100.0,107960.8,107964.6,262.812
2025-05-21 19:47:00,107964.6,108050.0,107905.3,108037.3,360.084
2025-05-21 19:48:00,108037.3,108307.8,108037.3,108227.8,207.784
2025-05-21 19:49:00,108227.8,108292.8,108179.6,108271.9,293.335
2025-05-21 19:50:00,108271.5,108405.0,108271.5,108404.9,517.966
2025-05-21 19:51:00,108405.0,108590.2,108375.4,108590.1,1040.929
2025-05-21 19:52:00,108590.1,108600.0,108437.8,108444.3,657.312
2025-05-21 19:53:00,108444.3,108456.8,108300.4,108302.7,351.405
2025-05-21 19:54:00,108302.7,108332.0,108226.7,108309.2,291.394
2025-05-21 19:55:00,108309.2,108346.7,108232.8,108329.8,218.276
2025-05-21 19:56:00,108329.8,108515.6,108279.5,108456.5,328.774
2025-05-21 19:57:00,108457.3,108495.8,108411.2,108480.9,271.448
2025-05-21 19:58:00,108480.9,108780.0,108480.9,108780.0,954.4
2025-05-21 19:59:00,108780.4,108800.0,108500.0,108547.3,994.133
2025-05-21 20:00:00,108547.2,108689.6,108482.9,108637.6,371.323
2025-05-21 20:01:00,108637.6,108692.4,108505.0,108558.3,286.627
2025-05-21 20:02:00,108558.2,108587.4,108480.0,108559.3,302.586
2025-05-21 20:03:00,108559.3,108559.4,108494.3,108502.6,88.169
2025-05-21 20:04:00,108502.5,108507.3,108390.0,108499.8,353.112
2025-05-21 20:05:00,108499.8,108652.4,108499.8,108568.3,207.358
2025-05-21 20:06:00,108568.3,108585.0,108416.2,108481.8,333.422
2025-05-21 20:07:00,108481.8,108529.1,108424.5,108493.0,133.62
2025-05-21 20:08:00,108493.0,108549.0,108422.8,108422.9,93.728
2025-05-21 20:09:00,108422.8,108422.9,108300.0,108361.4,420.589
2025-05-21 20:10:00,108361.5,108410.4,108354.9,108375.1,129.762
2025-05-21 20:11:00,108375.0,108382.2,108321.0,108330.2,75.23
2025-05-21 20:12:00,108330.3,108341.5,108300.1,108305.0,160.787
2025-05-21 20:13:00,108305.0,108305.1,108153.8,108186.7,556.623
2025-05-21 20:14:00,108186.7,108226.9,108131.3,108208.0,261.853
2025-05-21 20:15:00,108208.0,108233.7,108161.7,108207.1,141.041
2025-05-21 20:16:00,108207.0,108249.9,108203.0,108222.1,116.321
2025-05-21 20:17:00,108222.1,108298.9,108209.7,108298.9,93.591
2025-05-21 20:18:00,108298.9,108299.4,108152.3,108175.6,87.501
2025-05-21 20:19:00,108175.5,108322.0,108161.2,108322.0,74.97
2025-05-21 20:20:00,108322.0,108393.4,108240.0,108292.4,247.889
2025-05-21 20:21:00,108292.5,108334.7,108251.4,108251.4,45.327
2025-05-21 20:22:00,108251.4,108279.7,108240.0,108270.5,59.35
2025-05-21 20:23:00,108270.6,108319.4,108270.5,108319.4,93.071
2025-05-21 20:24:00,108319.3,108349.3,108248.1,108248.2,59.194
2025-05-21 20:25:00,108248.2,108313.1,108237.5,108283.2,53.116
2025-05-21 20:26:00,108283.3,108347.2,108272.8,108342.3,46.52
2025-05-21 20:27:00,108342.3,108342.3,108225.7,108225.8,68.299
2025-05-21 20:28:00,108225.7,108235.2,108135.7,108166.0,165.592
2025-05-21 20:29:00,108166.0,108180.6,108115.1,108155.3,174.973
2025-05-21 20:30:00,108155.4,108220.7,108094.4,108100.0,66.183
2025-05-21 20:31:00,108100.0,108182.8,108088.5,108154.0,96.846
2025-05-21 20:32:00,108153.9,108153.9,108032.0,108098.6,295.705
2025-05-21 20:33:00,108098.6,108130.9,108010.9,108099.2,434.263
2025-05-21 20:34:00,108099.3,108124.2,108076.3,108100.6,68.502
2025-05-21 20:35:00,108100.7,108100.7,108054.1,108084.9,75.75
2025-05-21 20:36:00,108084.8,108099.5,108000.0,108009.9,113.14
2025-05-21 20:37:00,108009.9,108044.9,107988.0,108020.1,125.392
2025-05-21 20:38:00,108020.0,108020.1,107976.2,108010.0,198.983
2025-05-21 20:39:00,108010.0,108019.9,107974.7,107984.2,147.031
2025-05-21 20:40:00,107984.2,108015.9,107968.2,107970.0,123.169
2025-05-21 20:41:00,107970.1,107997.1,107968.3,107983.6,79.38
2025-05-21 20:42:00,107983.6,107983.6,107940.0,107950.0,200.155
2025-05-21 20:43:00,107950.0,107963.6,107912.4,107954.1,154.827
2025-05-21 20:44:00,107954.0,107969.2,107926.1,107926.4,60.134
2025-05-21 20:45:00,107926.4,107954.6,107856.6,107949.9,383.982
2025-05-21 20:46:00,107949.9,107949.9,107836.0,107837.0,86.882
2025-05-21 20:47:00,107837.5,107889.4,107830.0,107889.3,161.74
2025-05-21 20:48:00,107889.3,107923.1,107830.0,107923.1,90.171
2025-05-21 20:49:00,107923.1,107949.1,107898.6,107935.6,99.305
2025-05-21 20:50:00,107935.7,107935.7,107724.2,107724.4,428.13
2025-05-21 20:51:00,107724.4,107739.7,107671.7,107723.9,283.083
2025-05-21 20:52:00,107723.8,107799.4,107723.8,107799.3,78.733
2025-05-21 20:53:00,107799.4,107806.6,107741.5,107806.5,85.576
2025-05-21 20:54:00,107806.5,107985.4,107806.5,107984.0,148.065
2025-05-21 20:55:00,107984.1,108195.6,107984.1,108055.2,485.65
2025-05-21 20:56:00,108055.1,108077.2,108044.2,108053.6,75.954
2025-05-21 20:57:00,108053.6,108187.7,108053.6,108129.2,212.364
2025-05-21 20:58:00,108129.1,108174.0,108111.5,108126.5,130.67
2025-05-21 20:59:00,108126.5,108200.0,108100.0,108192.4,68.606
2025-05-21 21:00:00,108192.3,108204.4,108056.3,108089.0,152.127
2025-05-21 21:01:00,108089.0,108108.2,108005.8,108071.2,65.811
2025-05-21 21:02:00,108071.1,108079.3,108029.5,108076.0,79.166
2025-05-21 21:03:00,108075.9,108118.1,107933.6,107935.0,154.013
2025-05-21 21:04:00,107935.0,108044.9,107884.4,108035.2,112.905
2025-05-21 21:05:00,108035.3,108189.9,107996.7,108140.5,170.195
2025-05-21 21:06:00,108140.5,108187.8,108140.5,108158.5,46.865
2025-05-21 21:07:00,108158.5,108216.1,108123.6,108178.5,80.125
2025-05-21 21:08:00,108178.6,108333.5,108178.5,108309.4,194.516
2025-05-21 21:09:00,108309.5,108376.5,108273.2,108355.5,284.577
2025-05-21 21:10:00,108355.5,108371.4,108306.0,108306.1,97.162
2025-05-21 21:11:00,108306.1,108404.4,108306.0,108404.4,170.494
2025-05-21 21:12:00,108404.3,108408.2,108321.6,108358.0,144.208
2025-05-21 21:13:00,108358.0,108358.0,108276.3,108280.8,60.25
2025-05-21 21:14:00,108280.8,108291.0,108268.5,108291.0,45.59
2025-05-21 21:15:00,108290.9,108291.0,108244.6,108244.6,65.414
2025-05-21 21:16:00,108244.6,108250.9,108209.7,108212.1,50.42
2025-05-21 21:17:00,108212.1,108227.2,108180.7,108184.9,42.879
2025-05-21 21:18:00,108185.0,108195.0,108144.9,108161.4,108.037
2025-05-21 21:19:00,108161.5,108219.9,108137.9,108176.1,130.675
2025-05-21 21:20:00,108176.2,108228.3,108176.1,108228.2,27.123
2025-05-21 21:21:00,108228.3,108228.3,108135.0,108135.0,38.881
2025-05-21 21:22:00,108135.1,108145.8,108100.0,108120.0,114.892
2025-05-21 21:23:00,108120.0,108141.1,108100.0,108132.9,53.203
2025-05-21 21:24:00,108133.0,108147.4,108125.1,108125.1,30.522
2025-05-21 21:25:00,108125.1,108225.6,108121.2,108225.5,39.782
2025-05-21 21:26:00,108225.5,108225.6,108161.4,108161.4,17.732
2025-05-21 21:27:00,108161.4,108161.4,108082.0,108082.0,30.397
2025-05-21 21:28:00,108082.0,108100.0,108075.4,108079.8,58.371
2025-05-21 21:29:00,108079.8,108079.9,108035.9,108035.9,68.373
2025-05-21 21:30:00,108035.9,108109.3,108035.9,108106.2,88.559
2025-05-21 21:31:00,108106.1,108106.2,108071.2,108071.2,34.273
2025-05-21 21:32:00,108071.2,108071.3,108071.1,108071.2,14.956
2025-05-21 21:33:00,108071.2,108071.2,108058.9,108061.4,41.694
2025-05-21 21:34:00,108061.3,108061.4,108053.4,108053.5,19.798
2025-05-21 21:35:00,108053.4,108053.5,108030.0,108030.0,35.187
2025-05-21 21:36:00,108030.0,108066.3,108030.0,108045.7,45.354
2025-05-21 21:37:00,108045.7,108117.6,108045.7,108117.6,37.988
2025-05-21 21:38:00,108117.6,108189.0,108117.6,108167.5,56.965
2025-05-21 21:39:00,108167.5,108236.6,108167.5,108236.5,68.936
2025-05-21 21:40:00,108236.5,108236.5,108220.0,108220.0,32.932
2025-05-21 21:41:00,108220.1,108391.1,108220.0,108375.3,161.677
2025-05-21 21:42:00,108375.2,108380.2,108301.0,108301.1,74.86
2025-05-21 21:43:00,108301.1,108383.1,108280.0,108383.1,39.086
2025-05-21 21:44:00,108383.1,108430.0,108307.8,108371.2,87.831
2025-05-21 21:45:00,108371.2,108500.1,108324.1,108500.0,203.655
2025-05-21 21:46:00,108500.0,108524.3,108463.9,108474.0,117.671
2025-05-21 21:47:00,108474.1,108520.7,108460.4,108507.2,27.845
2025-05-21 21:48:00,108507.1,108507.8,108466.8,108466.8,45.142
2025-05-21 21:49:00,108466.8,108486.0,108461.4,108469.9,28.436
2025-05-21 21:50:00,108469.9,108472.6,108418.5,108451.3,45.214
2025-05-21 21:51:00,108451.4,108451.4,108430.1,108430.1,28.586
2025-05-21 21:52:00,108430.1,108430.1,108304.0,108348.3,59.694
2025-05-21 21:53:00,108348.3,108355.3,108348.1,108348.1,22.887
2025-05-21 21:54:00,108348.1,108364.1,108291.8,108292.8,52.577
2025-05-21 21:55:00,108292.8,108299.9,108280.0,108299.6,54.961
2025-05-21 21:56:00,108299.7,108419.6,108299.6,108419.6,58.145
2025-05-21 21:57:00,108419.6,108447.2,108397.6,108447.2,31.465
2025-05-21 21:58:00,108447.2,108447.2,108405.7,108405.8,20.186
2025-05-21 21:59:00,108405.7,108431.9,108363.9,108363.9,36.359
2025-05-21 22:00:00,108363.9,108432.6,108363.9,108432.6,43.627
2025-05-21 22:01:00,108432.6,108492.0,108432.5,108491.8,64.004
2025-05-21 22:02:00,108491.9,108491.9,108454.2,108454.3,45.848
2025-05-21 22:03:00,108454.3,108454.8,108402.4,108454.8,81.592
2025-05-21 22:04:00,108454.7,108459.1,108440.0,108440.1,57.076
2025-05-21 22:05:00,108440.1,108454.9,108400.0,108445.6,59.685
2025-05-21 22:06:00,108445.6,108526.5,108445.5,108511.4,66.596
2025-05-21 22:07:00,108511.4,108511.4,108486.6,108492.1,32.196
2025-05-21 22:08:00,108492.0,108500.0,108352.9,108363.2,48.779
2025-05-21 22:09:00,108363.3,108364.3,108248.7,108258.1,120.841
2025-05-21 22:10:00,108258.1,108349.2,108258.1,108313.1,100.721
2025-05-21 22:11:00,108313.0,108341.2,108301.5,108302.8,30.959
2025-05-21 22:12:00,108302.9,108340.0,108285.8,108322.9,39.027
2025-05-21 22:13:00,108322.9,108322.9,108233.9,108275.4,31.878
2025-05-21 22:14:00,108275.5,108319.4,108260.8,108260.9,46.143
2025-05-21 22:15:00,108260.9,108298.6,108251.4,108298.6,40.766
2025-05-21 22:16:00,108298.6,108308.5,108261.8,108305.6,23.045
2025-05-21 22:17:00,108305.7,108341.0,108285.2,108340.9,27.513
2025-05-21 22:18:00,108340.9,108341.0,108265.7,108265.7,39.504
2025-05-21 22:19:00,108265.8,108292.7,108233.9,108292.7,42.658
2025-05-21 22:20:00,108292.6,108388.8,108292.6,108388.8,56.333
2025-05-21 22:21:00,108388.8,108441.9,108388.7,108441.2,53.465
2025-05-21 22:22:00,108441.2,108540.0,108441.2,108469.0,106.813
2025-05-21 22:23:00,108469.0,108494.9,108443.8,108449.4,27.509
2025-05-21 22:24:00,108449.5,108469.0,108449.4,108469.0,18.942
2025-05-21 22:25:00,108468.9,108517.3,108468.9,108517.2,38.309
2025-05-21 22:26:00,108517.2,108543.5,108517.2,108531.1,182.475
2025-05-21 22:27:00,108531.1,108531.2,108509.5,108514.2,48.062
2025-05-21 22:28:00,108514.2,108549.1,108514.1,108549.0,32.792
2025-05-21 22:29:00,108549.0,108585.3,108545.1,108585.3,67.643
2025-05-21 22:30:00,108585.2,108628.5,108585.2,108618.8,119.748
2025-05-21 22:31:00,108618.8,108732.2,108615.6,108727.7,185.647
2025-05-21 22:32:00,108727.8,108767.8,108701.2,108757.5,201.072
2025-05-21 22:33:00,108757.5,108865.7,108736.8,108808.1,462.716
2025-05-21 22:34:00,108808.0,108866.4,108803.7,108862.0,148.22
2025-05-21 22:35:00,108861.9,108867.7,108780.8,108825.5,239.339
2025-05-21 22:36:00,108825.5,108830.4,108791.7,108822.3,84.582
2025-05-21 22:37:00,108822.2,108881.0,108822.2,108880.9,117.055
2025-05-21 22:38:00,108880.9,108884.6,108795.7,108795.7,135.265
2025-05-21 22:39:00,108795.7,108814.0,108766.4,108772.4,105.58
2025-05-21 22:40:00,108772.5,108775.9,108669.7,108683.7,176.468
2025-05-21 22:41:00,108683.7,108711.9,108679.1,108684.4,77.143
2025-05-21 22:42:00,108684.5,108881.6,108651.0,108877.0,105.74
2025-05-21 22:43:00,108877.0,108943.7,108840.2,108893.1,229.053
2025-05-21 22:44:00,108893.1,108899.9,108884.3,108885.3,51.247
2025-05-21 22:45:00,108885.3,108998.9,108885.3,108966.4,266.794
2025-05-21 22:46:00,108966.4,108966.4,108784.4,108812.3,159.778
2025-05-21 22:47:00,108812.3,108869.4,108784.4,108869.4,48.219
2025-05-21 22:48:00,108869.3,108912.2,108851.2,108857.2,41.121
2025-05-21 22:49:00,108857.2,108899.6,108783.0,108810.0,61.719
2025-05-21 22:50:00,108810.1,108814.2,108770.0,108776.0,54.316
2025-05-21 22:51:00,108776.0,108792.9,108715.7,108727.5,55.134
2025-05-21 22:52:00,108727.4,108798.8,108711.5,108728.6,127.944
2025-05-21 22:53:00,108728.7,108881.6,108700.7,108843.5,94.851
2025-05-21 22:54:00,108843.4,108938.2,108835.5,108869.6,363.711
2025-05-21 22:55:00,108869.6,108869.7,108783.8,108803.3,77.595
2025-05-21 22:56:00,108803.4,108820.9,108775.3,108781.6,115.073
2025-05-21 22:57:00,108781.7,108882.3,108648.0,108720.4,178.612
2025-05-21 22:58:00,108720.4,108757.0,108700.0,108743.1,69.882
2025-05-21 22:59:00,108743.1,108743.2,108695.6,108698.0,42.875
2025-05-21 23:00:00,108697.9,108725.6,108671.4,108695.1,87.202
2025-05-21 23:01:00,108695.1,108728.9,108614.2,108703.3,108.804
2025-05-21 23:02:00,108703.3,108745.6,108649.4,108694.4,93.947
2025-05-21 23:03:00,108694.4,108745.5,108661.6,108745.3,62.268
2025-05-21 23:04:00,108745.4,108855.0,108736.1,108855.0,124.772
2025-05-21 23:05:00,108854.9,108968.2,108796.8,108866.7,263.256
2025-05-21 23:06:00,108866.6,108916.7,108860.6,108891.3,70.233
2025-05-21 23:07:00,108891.3,108891.4,108864.2,108864.2,51.282
2025-05-21 23:08:00,108864.2,108888.7,108864.2,108879.9,61.538
2025-05-21 23:09:00,108880.0,108911.5,108845.0,108904.5,149.994
2025-05-21 23:10:00,108904.6,108998.0,108904.5,108985.6,131.119
2025-05-21 23:11:00,108985.6,109000.0,108975.7,108999.2,141.037
2025-05-21 23:12:00,108999.1,109130.4,108991.8,109105.6,555.874
2025-05-21 23:13:00,109105.6,109300.0,109105.5,109199.9,1315.39
2025-05-21 23:14:00,109199.9,109350.0,109199.9,109335.3,506.46
2025-05-21 23:15:00,109335.3,109448.0,109322.6,109416.9,899.469
2025-05-21 23:16:00,109416.8,109500.0,109398.3,109427.9,1166.197
2025-05-21 23:17:00,109427.9,109545.4,109408.2,109408.2,665.379
2025-05-21 23:18:00,109407.1,109652.5,109405.4,109610.3,721.277
2025-05-21 23:19:00,109610.4,109632.3,109476.3,109493.0,511.354
2025-05-21 23:20:00,109493.0,109591.7,109466.2,109500.1,367.079
2025-05-21 23:21:00,109500.0,109666.0,109485.1,109656.5,509.911
2025-05-21 23:22:00,109656.4,109757.0,109645.5,109749.8,882.426
2025-05-21 23:23:00,109749.8,109949.4,109706.3,109924.4,1929.548
2025-05-21 23:24:00,109924.4,109951.8,109827.2,109909.9,733.907
2025-05-21 23:25:00,109910.0,110245.8,109909.9,110096.7,4030.731
2025-05-21 23:26:00,110096.8,110448.0,110096.8,110362.3,1892.744
2025-05-21 23:27:00,110362.4,110830.0,110312.3,110417.4,2621.392
2025-05-21 23:28:00,110417.4,110498.3,109872.8,109921.6,2217.498
2025-05-21 23:29:00,109914.3,109939.4,109418.8,109706.5,3346.301
2025-05-21 23:30:00,109706.5,109958.5,109648.6,109800.6,1313.483
2025-05-21 23:31:00,109800.6,109997.1,109765.2,109990.7,799.535
2025-05-21 23:32:00,109990.7,110088.2,109822.1,109822.1,992.356
2025-05-21 23:33:00,109822.1,109822.1,109459.4,109574.4,1519.941
2025-05-21 23:34:00,109574.3,109598.3,109318.4,109501.2,1089.858
2025-05-21 23:35:00,109501.2,109654.8,109501.2,109639.5,528.252
2025-05-21 23:36:00,109639.4,109719.3,109473.6,109589.1,450.303
2025-05-21 23:37:00,109589.0,109828.4,109589.0,109740.8,414.334
2025-05-21 23:38:00,109740.9,109753.7,109538.5,109582.1,254.939
2025-05-21 23:39:00,109582.2,109695.9,109539.9,109623.1,377.206
2025-05-21 23:40:00,109623.0,109868.4,109609.2,109832.6,474.001
2025-05-21 23:41:00,109832.6,109886.3,109724.2,109730.2,294.777
2025-05-21 23:42:00,109730.2,109798.8,109650.0,109650.6,157.257
2025-05-21 23:43:00,109650.7,109653.8,109548.5,109602.9,166.27
2025-05-21 23:44:00,109602.8,109666.3,109476.3,109542.4,194.089
2025-05-21 23:45:00,109542.5,109725.7,109520.0,109659.0,249.912
2025-05-21 23:46:00,109659.0,109690.9,109541.7,109645.5,116.399
2025-05-21 23:47:00,109645.6,109674.6,109554.3,109556.6,236.752
2025-05-21 23:48:00,109556.6,109629.3,109554.4,109608.1,110.496
2025-05-21 23:49:00,109608.0,109667.3,109543.2,109585.4,99.418
2025-05-21 23:50:00,109585.5,109718.4,109440.2,109507.4,236.395
2025-05-21 23:51:00,109507.5,109630.2,109467.8,109552.9,216.218
2025-05-21 23:52:00,109553.0,109563.3,109359.0,109366.3,470.147
2025-05-21 23:53:00,109366.3,109529.5,109300.0,109458.3,341.806
2025-05-21 23:54:00,109458.2,109663.1,109458.2,109599.1,183.313
2025-05-21 23:55:00,109599.2,109683.3,109581.6,109609.5,256.647
2025-05-21 23:56:00,109609.2,109614.4,109530.0,109578.0,68.417
2025-05-21 23:57:00,109578.1,109603.1,109524.0,109577.8,112.391
2025-05-21 23:58:00,109577.7,109629.4,109547.8,109613.2,133.627
2025-05-21 23:59:00,109613.2,109641.3,109577.8,109609.5,171.131
2025-05-22 00:00:00,109609.6,109694.0,109584.9,109642.0,401.926
2025-05-22 00:01:00,109642.1,109642.1,109456.1,109482.4,334.309
2025-05-22 00:02:00,109482.3,109810.4,109482.3,109767.4,349.386
2025-05-22 00:03:00,109767.5,109776.4,109636.0,109648.8,188.329
2025-05-22 00:04:00,109648.9,109828.0,109648.8,109810.8,208.348
2025-05-22 00:05:00,109810.8,109828.0,109729.7,109755.3,141.606
2025-05-22 00:06:00,109755.3,109794.9,109626.0,109659.3,130.083
2025-05-22 00:07:00,109659.2,109702.1,109565.0,109584.6,114.774
2025-05-22 00:08:00,109584.7,109680.9,109566.4,109680.9,125.914
2025-05-22 00:09:00,109680.9,109975.8,109680.8,109939.9,751.234
2025-05-22 00:10:00,109939.8,110146.4,109939.8,109954.8,1592.663
2025-05-22 00:11:00,109954.8,110049.3,109890.4,109993.6,1057.795
2025-05-22 00:12:00,109993.7,110046.1,109837.9,109936.7,363.501
2025-05-22 00:13:00,109937.1,109953.8,109800.0,109873.9,205.181
2025-05-22 00:14:00,109873.9,109946.8,109860.8,109946.8,166.801
2025-05-22 00:15:00,109946.7,109994.9,109914.8,109920.0,149.493
2025-05-22 00:16:00,109919.9,109948.4,109831.0,109831.0,180.452
2025-05-22 00:17:00,109831.0,109831.1,109748.3,109781.5,172.631
2025-05-22 00:18:00,109781.4,109950.0,109781.2,109949.9,344.094
2025-05-22 00:19:00,109949.9,110055.0,109916.4,109924.7,417.956
2025-05-22 00:20:00,109924.6,109984.6,109864.5,109901.7,240.416
2025-05-22 00:21:00,109901.7,109947.9,109855.3,109856.8,127.897
2025-05-22 00:22:00,109856.8,109900.0,109796.5,109899.8,217.942
2025-05-22 00:23:00,109899.7,109983.5,109899.7,109948.0,165.108
2025-05-22 00:24:00,109948.0,109983.5,109937.5,109950.7,119.432
2025-05-22 00:25:00,109950.6,109959.1,109850.0,109850.0,218.189
2025-05-22 00:26:00,109850.0,109850.1,109726.9,109727.9,312.404
2025-05-22 00:27:00,109727.8,109823.5,109727.8,109760.1,98.857
2025-05-22 00:28:00,109760.0,109850.4,109760.0,109797.2,140.301
2025-05-22 00:29:00,109797.2,109818.8,109657.8,109657.8,214.845
2025-05-22 00:30:00,109657.8,109739.2,109621.1,109705.0,172.693
2025-05-22 00:31:00,109705.1,109749.0,109670.0,109726.7,146.572
2025-05-22 00:32:00,109726.7,109807.2,109670.0,109670.0,121.168
2025-05-22 00:33:00,109670.0,109679.2,109524.9,109529.7,233.922
2025-05-22 00:34:00,109529.6,109674.3,109520.8,109630.8,154.646
2025-05-22 00:35:00,109630.9,109736.8,109597.0,109662.7,132.849
2025-05-22 00:36:00,109662.4,109775.1,109656.6,109752.2,97.53
2025-05-22 00:37:00,109752.1,109785.7,109742.7,109743.8,81.746
2025-05-22 00:38:00,109743.9,109759.3,109709.1,109709.1,53.809
2025-05-22 00:39:00,109709.1,109709.7,109353.4,109395.1,701.214
2025-05-22 00:40:00,109395.2,109395.2,109153.4,109302.0,1314.212
2025-05-22 00:41:00,109302.1,109366.4,109213.2,109346.8,315.897
2025-05-22 00:42:00,109346.8,109384.2,109285.1,109340.8,189.728
2025-05-22 00:43:00,109340.7,109373.8,109227.4,109373.7,266.098
2025-05-22 00:44:00,109373.7,109420.0,109302.3,109317.5,156.816
2025-05-22 00:45:00,109317.4,109434.8,109300.1,109425.7,208.35
2025-05-22 00:46:00,109425.8,109526.5,109411.4,109477.7,205.44
2025-05-22 00:47:00,109477.6,109605.5,109477.2,109587.9,255.19
2025-05-22 00:48:00,109587.9,109739.4,109587.8,109588.6,359.194
2025-05-22 00:49:00,109588.5,109588.6,109450.7,109467.6,100.19
2025-05-22 00:50:00,109467.6,109583.2,109467.5,109503.0,192.306
2025-05-22 00:51:00,109503.0,109583.1,109503.0,109556.0,77.868
2025-05-22 00:52:00,109556.0,109695.5,109555.9,109637.3,117.144
2025-05-22 00:53:00,109637.2,109662.0,109606.6,109647.7,64.296
2025-05-22 00:54:00,109647.7,109736.0,109623.5,109736.0,96.7
2025-05-22 00:55:00,109736.0,109830.8,109700.0,109711.5,340.865
2025-05-22 00:56:00,109711.4,109730.0,109659.9,109690.4,115.841
2025-05-22 00:57:00,109690.5,109734.0,109659.4,109685.9,102.777
2025-05-22 00:58:00,109685.9,109868.9,109668.7,109868.8,218.882
2025-05-22 00:59:00,109868.8,109939.1,109833.5,109925.4,182.542
2025-05-22 01:00:00,109925.3,110102.8,109893.3,110083.0,488.291
2025-05-22 01:01:00,110083.1,110149.9,109880.0,109880.1,478.896
2025-05-22 01:02:00,109880.1,110050.0,109840.7,110025.6,195.308
2025-05-22 01:03:00,110025.6,110378.8,109959.4,110342.8,1085.481
2025-05-22 01:04:00,110342.7,110549.9,110261.9,110484.7,1091.016
2025-05-22 01:05:00,110484.6,110535.7,110364.0,110364.0,445.005
2025-05-22 01:06:00,110364.1,110511.5,110358.0,110407.2,406.755
2025-05-22 01:07:00,110407.2,110454.0,110330.4,110380.5,382.52
2025-05-22 01:08:00,110380.4,110399.9,110274.3,110293.7,163.179
2025-05-22 01:09:00,110293.8,110359.3,110125.9,110187.1,651.023
2025-05-22 01:10:00,110187.1,110358.9,110100.0,110347.5,329.226
2025-05-22 01:11:00,110347.6,110375.3,110200.1,110200.2,260.301
2025-05-22 01:12:00,110200.1,110230.0,110165.0,110170.8,114.388
2025-05-22 01:13:00,110170.8,110195.1,110100.0,110101.0,137.7
2025-05-22 01:14:00,110101.0,110127.7,110040.5,110072.0,305.305
2025-05-22 01:15:00,110072.1,110224.0,110065.8,110068.8,151.681
2025-05-22 01:16:00,110068.8,110068.9,109911.2,109913.0,309.817
2025-05-22 01:17:00,109913.1,109975.0,109841.3,109922.0,453.697
2025-05-22 01:18:00,109922.1,109949.3,109837.1,109865.4,86.393
2025-05-22 01:19:00,109865.4,109917.7,109852.6,109873.3,106.628
2025-05-22 01:20:00,109873.3,109938.7,109855.8,109875.2,137.219
2025-05-22 01:21:00,109875.1,109940.0,109873.3,109911.8,91.353
2025-05-22 01:22:00,109911.7,110021.9,109911.7,109978.5,188.14
2025-05-22 01:23:00,109978.5,110004.0,109821.5,109883.7,134.134
2025-05-22 01:24:00,109883.6,109883.7,109786.0,109846.1,236.97
2025-05-22 01:25:00,109846.0,109850.0,109777.0,109780.1,124.485
2025-05-22 01:26:00,109780.0,109833.1,109775.5,109790.1,96.64
2025-05-22 01:27:00,109790.1,109951.9,109787.4,109838.6,149.021
2025-05-22 01:28:00,109838.9,109969.5,109801.0,109969.4,111.496
2025-05-22 01:29:00,109969.5,109982.2,109952.6,109964.0,57.317
2025-05-22 01:30:00,109964.0,110038.2,109958.7,110035.8,164.765
2025-05-22 01:31:00,110035.8,110265.8,110035.8,110170.1,483.929
2025-05-22 01:32:00,110170.0,110170.0,109982.7,109994.5,229.521
2025-05-22 01:33:00,109994.5,110189.5,109963.3,109994.0,124.56
2025-05-22 01:34:00,109994.1,110062.5,109973.9,109990.2,43.988
2025-05-22 01:35:00,109990.3,110056.9,109960.0,110034.4,102.576
2025-05-22 01:36:00,110034.4,110054.2,109897.3,109897.3,102.487
2025-05-22 01:37:00,109897.3,109897.3,109811.8,109831.1,124.235
2025-05-22 01:38:00,109831.1,109831.1,109750.0,109750.0,160.454
2025-05-22 01:39:00,109750.0,109777.9,109714.3,109757.8,191.864
2025-05-22 01:40:00,109757.8,109843.8,109701.0,109808.1,179.545
2025-05-22 01:41:00,109808.1,109919.6,109808.0,109889.3,136.368
2025-05-22 01:42:00,109889.3,109896.1,109845.4,109856.3,60.334
2025-05-22 01:43:00,109856.3,109856.3,109789.2,109806.0,71.335
2025-05-22 01:44:00,109806.0,109823.4,109775.7,109780.6,66.238
2025-05-22 01:45:00,109780.7,109858.2,109780.7,109858.2,87.2
2025-05-22 01:46:00,109858.2,109920.3,109858.2,109900.9,121.004
2025-05-22 01:47:00,109900.9,109901.0,109640.3,109644.2,220.227
2025-05-22 01:48:00,109644.1,109685.8,109640.4,109662.2,171.961
2025-05-22 01:49:00,109662.1,109770.0,109662.1,109770.0,157.012
2025-05-22 01:50:00,109769.9,109932.8,109769.9,109885.5,192.976
2025-05-22 01:51:00,109885.5,109960.4,109885.5,109934.7,120.93
2025-05-22 01:52:00,109934.7,109950.6,109889.3,109889.4,67.128
2025-05-22 01:53:00,109889.3,109889.4,109785.3,109804.2,162.942
2025-05-22 01:54:00,109804.1,109804.2,109762.0,109776.9,33.951
2025-05-22 01:55:00,109777.0,109793.3,109700.0,109728.6,84.113
2025-05-22 01:56:00,109728.6,109786.7,109705.3,109738.3,107.084
2025-05-22 01:57:00,109738.2,109856.8,109738.2,109853.9,94.472
2025-05-22 01:58:00,109854.0,109873.9,109841.2,109841.2,82.182
2025-05-22 01:59:00,109841.2,109899.8,109841.2,109892.5,57.243
2025-05-22 02:00:00,109892.5,109956.4,109886.0,109912.4,114.15
2025-05-22 02:01:00,109912.3,109923.0,109845.3,109867.7,129.748
2025-05-22 02:02:00,109867.8,109940.0,109792.8,109940.0,154.128
2025-05-22 02:03:00,109940.0,109950.0,109878.0,109930.8,82.777
2025-05-22 02:04:00,109930.9,109970.0,109903.6,109937.8,74.503
2025-05-22 02:05:00,109937.9,110033.4,109937.8,109985.2,114.181
2025-05-22 02:06:00,109985.2,109999.0,109855.0,109984.1,167.709
2025-05-22 02:07:00,109984.1,110024.5,109955.1,110007.5,455.744
2025-05-22 02:08:00,110007.5,110302.8,109996.7,110208.4,1017.67
2025-05-22 02:09:00,110208.4,110212.0,110129.2,110198.7,251.301
2025-05-22 02:10:00,110198.7,110269.6,110150.9,110230.7,349.972
2025-05-22 02:11:00,110230.7,110260.3,110123.7,110125.3,553.475
2025-05-22 02:12:00,110125.3,110125.3,110001.1,110028.0,118.73
2025-05-22 02:13:00,110027.9,110100.0,110020.3,110020.3,80.038
2025-05-22 02:14:00,110020.3,110090.1,110015.4,110090.1,45.354
2025-05-22 02:15:00,110090.1,110100.0,109960.9,109991.3,202.231
2025-05-22 02:16:00,109991.4,110041.1,109991.3,110030.6,51.76
2025-05-22 02:17:00,110030.7,110092.5,109937.9,109958.9,91.908
2025-05-22 02:18:00,109959.1,110173.7,109943.0,110133.6,95.632
2025-05-22 02:19:00,110133.5,110190.0,110111.8,110121.0,119.873
2025-05-22 02:20:00,110121.0,110159.1,110081.2,110081.2,83.426
2025-05-22 02:21:00,110081.3,110153.0,110056.2,110153.0,84.544
2025-05-22 02:22:00,110153.0,110238.5,110135.6,110205.0,285.939
2025-05-22 02:23:00,110205.0,110249.7,110164.0,110201.6,228.526
2025-05-22 02:24:00,110201.6,110454.4,110201.6,110441.3,535.651
2025-05-22 02:25:00,110441.3,110454.9,110365.0,110365.1,244.268
2025-05-22 02:26:00,110365.2,110571.0,110358.6,110559.7,460.393
2025-05-22 02:27:00,110559.7,110593.3,110500.0,110531.3,361.262
2025-05-22 02:28:00,110531.2,110580.0,110404.2,110499.1,543.377
2025-05-22 02:29:00,110499.0,110499.1,110401.0,110405.3,267.39
2025-05-22 02:30:00,110405.2,110626.2,110405.2,110611.0,284.903
2025-05-22 02:31:00,110611.0,110629.1,110559.2,110611.9,351.147
2025-05-22 02:32:00,110611.9,110717.4,110600.0,110706.0,348.572
2025-05-22 02:33:00,110706.0,110743.2,110660.0,110728.7,342.153
2025-05-22 02:34:00,110728.6,110772.9,110691.2,110704.0,374.523
2025-05-22 02:35:00,110704.0,110900.0,110660.1,110835.4,808.364
2025-05-22 02:36:00,110835.5,110890.2,110692.0,110749.9,476.319
2025-05-22 02:37:00,110749.9,110848.0,110696.0,110821.9,317.319
2025-05-22 02:38:00,110821.9,110977.2,110768.0,110939.4,758.732
2025-05-22 02:39:00,110939.4,110939.4,110805.0,110808.4,366.036
2025-05-22 02:40:00,110808.6,110866.9,110700.0,110700.0,247.095
2025-05-22 02:41:00,110700.0,110700.1,110500.0,110500.1,376.377
2025-05-22 02:42:00,110500.1,110549.9,110455.6,110455.6,200.211
2025-05-22 02:43:00,110455.7,110485.0,110352.7,110404.0,330.026
2025-05-22 02:44:00,110403.9,110447.1,110402.8,110437.0,87.399
2025-05-22 02:45:00,110437.0,110608.1,110437.0,110501.4,203.776
2025-05-22 02:46:00,110501.5,110515.0,110360.9,110365.7,283.205
2025-05-22 02:47:00,110365.7,110455.6,110364.5,110440.3,98.698
2025-05-22 02:48:00,110440.3,110456.0,110353.0,110353.0,190.649
2025-05-22 02:49:00,110353.0,110409.0,110340.9,110346.2,99.624
2025-05-22 02:50:00,110346.3,110420.0,110315.4,110318.4,123.831
2025-05-22 02:51:00,110318.3,110381.4,110277.1,110381.4,106.193
2025-05-22 02:52:00,110381.3,110488.8,110351.0,110472.1,96.757
2025-05-22 02:53:00,110472.2,110539.9,110403.8,110492.2,170.078
2025-05-22 02:54:00,110492.2,110548.5,110467.9,110540.0,95.659
2025-05-22 02:55:00,110539.9,110570.0,110509.1,110569.9,93.973
2025-05-22 02:56:00,110569.9,110602.4,110463.7,110463.7,201.086
2025-05-22 02:57:00,110463.7,110545.9,110460.1,110473.0,68.484
2025-05-22 02:58:00,110473.0,110513.0,110440.1,110461.7,45.409
2025-05-22 02:59:00,110461.8,110461.8,110408.3,110440.8,57.412
2025-05-22 03:00:00,110440.7,110541.0,110412.0,110484.0,71.902
2025-05-22 03:01:00,110484.1,110509.3,110341.4,110369.4,116.813
2025-05-22 03:02:00,110369.4,110395.3,110304.9,110310.0,79.45
2025-05-22 03:03:00,110310.0,110455.2,110305.0,110450.6,79.478
2025-05-22 03:04:00,110450.5,110650.0,110429.8,110581.8,391.182
2025-05-22 03:05:00,110581.9,110682.3,110581.8,110604.1,209.69
2025-05-22 03:06:00,110604.1,110652.4,110604.1,110641.9,134.738
2025-05-22 03:07:00,110642.0,110652.0,110563.7,110563.8,110.571
2025-05-22 03:08:00,110563.7,110644.7,110563.7,110627.5,80.022
2025-05-22 03:09:00,110627.5,110649.1,110570.5,110602.8,54.158
2025-05-22 03:10:00,110602.8,110630.8,110524.4,110549.9,88.885
2025-05-22 03:11:00,110550.0,110552.8,110503.2,110503.2,50.767
2025-05-22 03:12:00,110503.2,110543.7,110500.0,110519.6,35.805
2025-05-22 03:13:00,110519.6,110538.8,110460.8,110521.8,44.667
2025-05-22 03:14:00,110521.8,110542.3,110438.1,110473.2,49.177
2025-05-22 03:15:00,110473.2,110518.5,110444.3,110448.6,67.652
2025-05-22 03:16:00,110448.6,110519.9,110448.5,110488.5,58.83
2025-05-22 03:17:00,110488.5,110564.9,110479.8,110479.8,59.454
2025-05-22 03:18:00,110479.8,110479.9,110396.8,110455.0,62.309
2025-05-22 03:19:00,110455.0,110455.1,110407.0,110424.9,54.703
2025-05-22 03:20:00,110424.9,110508.3,110424.9,110508.2,34.12
2025-05-22 03:21:00,110508.3,110508.3,110388.2,110400.0,60.154
2025-05-22 03:22:00,110400.0,110555.0,110399.8,110555.0,115.497
2025-05-22 03:23:00,110554.9,110700.0,110554.9,110690.4,202.308
2025-05-22 03:24:00,110690.4,110746.3,110672.1,110724.9,212.112
2025-05-22 03:25:00,110725.0,110800.0,110717.3,110780.0,209.916
2025-05-22 03:26:00,110780.0,110850.0,110780.0,110839.9,152.713
2025-05-22 03:27:00,110839.9,110870.0,110784.4,110809.2,219.263
2025-05-22 03:28:00,110809.2,110809.3,110719.7,110754.1,153.123
2025-05-22 03:29:00,110754.0,110771.9,110675.9,110728.1,198.464
2025-05-22 03:30:00,110728.1,110824.7,110713.0,110800.0,106.849
2025-05-22 03:31:00,110800.1,110810.7,110780.1,110793.4,128.119
2025-05-22 03:32:00,110793.5,110793.5,110661.7,110682.3,318.125
2025-05-22 03:33:00,110682.4,110776.2,110682.3,110692.0,81.94
2025-05-22 03:34:00,110692.0,110850.0,110692.0,110850.0,178.179
2025-05-22 03:35:00,110849.9,110888.0,110832.1,110881.9,236.304
2025-05-22 03:36:00,110881.9,110992.8,110858.1,110858.2,574.927
2025-05-22 03:37:00,110858.1,110858.2,110674.2,110689.9,249.519
2025-05-22 03:38:00,110689.9,110745.7,110676.5,110676.5,95.533
2025-05-22 03:39:00,110676.6,110800.0,110676.5,110748.4,95.501
2025-05-22 03:40:00,110748.4,110827.9,110748.3,110824.5,65.044
2025-05-22 03:41:00,110824.5,110941.2,110815.1,110934.9,140.432
2025-05-22 03:42:00,110934.8,111388.0,110925.6,111212.7,2904.5
2025-05-22 03:43:00,111212.7,111500.0,111083.1,111375.5,1211.283
2025-05-22 03:44:00,111375.5,111450.0,111266.4,111290.0,695.099
2025-05-22 03:45:00,111290.4,111531.2,111290.4,111511.7,1036.001
2025-05-22 03:46:00,111511.7,111642.3,111416.7,111551.3,1164.66
2025-05-22 03:47:00,111551.4,111600.0,111417.1,111452.4,428.812
2025-05-22 03:48:00,111452.4,111586.9,111337.2,111422.8,450.418
2025-05-22 03:49:00,111422.9,111739.7,111392.5,111690.9,666.583
2025-05-22 03:50:00,111691.0,111739.8,111564.7,111564.7,886.064
2025-05-22 03:51:00,111564.7,111739.8,111531.3,111702.9,1023.179
2025-05-22 03:52:00,111702.9,111866.4,111686.1,111783.5,920.53
2025-05-22 03:53:00,111785.4,111788.9,111515.9,111726.9,609.718
2025-05-22 03:54:00,111726.9,111748.1,111538.3,111645.0,495.517
2025-05-22 03:55:00,111645.0,111847.7,111636.0,111847.5,540.663
2025-05-22 03:56:00,111847.5,111860.0,111704.0,111728.4,653.888
2025-05-22 03:57:00,111728.4,111792.6,111670.0,111760.0,403.263
2025-05-22 03:58:00,111760.1,111829.7,111717.8,111750.3,376.025
2025-05-22 03:59:00,111750.2,111786.7,111653.9,111755.9,590.387
2025-05-22 04:00:00,111755.9,111776.3,111620.0,111621.1,472.32
2025-05-22 04:01:00,111621.3,111740.4,111576.7,111715.2,390.302
2025-05-22 04:02:00,111715.1,111715.2,111502.9,111533.7,443.978
2025-05-22 04:03:00,111533.7,111540.0,111471.9,111516.6,470.413
2025-05-22 04:04:00,111516.5,111565.8,111456.0,111477.9,487.095
2025-05-22 04:05:00,111478.0,111559.8,111403.1,111454.6,593.01
2025-05-22 04:06:00,111454.6,111557.5,111423.5,111494.4,355.251
2025-05-22 04:07:00,111494.5,111555.0,111432.0,111432.0,264.483
2025-05-22 04:08:00,111432.0,111482.7,111362.3,111421.9,441.495
2025-05-22 04:09:00,111421.9,111500.0,111412.0,111470.1,305.209
2025-05-22 04:10:00,111470.1,111550.0,111415.3,111437.5,298.498
2025-05-22 04:11:00,111437.4,111454.5,111317.8,111398.2,243.511
2025-05-22 04:12:00,111398.2,111417.4,111281.1,111402.3,264.618
2025-05-22 04:13:00,111402.2,111406.7,111368.8,111370.5,83.553
2025-05-22 04:14:00,111370.2,111399.6,111307.3,111360.3,141.616
2025-05-22 04:15:00,111360.3,111425.6,111289.7,111289.7,128.699
2025-05-22 04:16:00,111289.7,111311.6,111250.0,111274.2,231.168
2025-05-22 04:17:00,111274.3,111281.6,111211.0,111281.6,153.988
2025-05-22 04:18:00,111281.6,111307.6,111255.3,111260.0,150.047
2025-05-22 04:19:00,111260.1,111400.0,111215.7,111400.0,127.753
2025-05-22 04:20:00,111399.9,111472.8,111387.0,111414.1,223.538
2025-05-22 04:21:00,111414.1,111414.1,111222.9,111284.2,146.88
2025-05-22 04:22:00,111284.2,111408.7,111277.6,111357.2,97.255
2025-05-22 04:23:00,111357.3,111357.3,111277.6,111277.7,102.102
2025-05-22 04:24:00,111277.6,111310.0,111207.4,111230.1,216.566
2025-05-22 04:25:00,111230.1,111299.0,111230.1,111279.5,69.914
2025-05-22 04:26:00,111279.6,111293.4,111270.0,111270.0,70.553
2025-05-22 04:27:00,111270.0,111270.1,111204.7,111234.4,132.498
2025-05-22 04:28:00,111234.3,111292.0,111225.3,111276.3,155.15
2025-05-22 04:29:00,111276.4,111474.0,111276.3,111451.6,302.744
2025-05-22 04:30:00,111451.7,111557.5,111418.6,111506.5,269.761
2025-05-22 04:31:00,111506.4,111506.5,111273.1,111355.4,384.619
2025-05-22 04:32:00,111355.3,111385.2,111295.3,111376.8,73.036
2025-05-22 04:33:00,111376.7,111480.5,111348.8,111395.8,142.817
2025-05-22 04:34:00,111393.2,111405.5,111356.0,111372.8,59.561
2025-05-22 04:35:00,111372.8,111467.6,111356.0,111467.6,87.488
2025-05-22 04:36:00,111467.5,111476.0,111419.3,111448.9,75.004
2025-05-22 04:37:00,111448.9,111471.2,111420.1,111420.1,65.976
2025-05-22 04:38:00,111420.1,111485.0,111419.3,111422.9,69.077
2025-05-22 04:39:00,111422.9,111444.0,111416.5,111440.5,99.83
2025-05-22 04:40:00,111440.6,111545.6,111427.7,111500.1,91.961
2025-05-22 04:41:00,111500.0,111550.0,111500.0,111501.9,108.661
2025-05-22 04:42:00,111501.9,111569.9,111477.4,111550.2,134.617
2025-05-22 04:43:00,111550.2,111661.7,111543.3,111605.6,211.65
2025-05-22 04:44:00,111605.6,111697.5,111591.5,111697.5,239.694
2025-05-22 04:45:00,111697.5,111698.0,111560.0,111593.7,178.4
2025-05-22 04:46:00,111593.6,111635.5,111580.0,111580.0,88.532
2025-05-22 04:47:00,111580.1,111686.3,111567.0,111666.7,172.392
2025-05-22 04:48:00,111666.7,111680.0,111569.5,111569.5,107.278
2025-05-22 04:49:00,111569.5,111629.1,111560.6,111585.9,125.952
2025-05-22 04:50:00,111585.8,111585.9,111515.6,111515.6,158.831
2025-05-22 04:51:00,111515.6,111515.6,111411.7,111421.7,111.505
2025-05-22 04:52:00,111421.7,111432.1,111390.3,111414.7,118.228
2025-05-22 04:53:00,111414.6,111414.7,111381.9,111382.0,49.71
2025-05-22 04:54:00,111381.9,111445.9,111381.7,111441.0,72.989
2025-05-22 04:55:00,111441.0,111495.1,111428.5,111450.9,61.948
2025-05-22 04:56:00,111450.9,111450.9,111388.0,111440.3,76.537
2025-05-22 04:57:00,111440.3,111440.3,111398.5,111407.5,97.89
2025-05-22 04:58:00,111407.6,111496.2,111407.5,111485.3,54.005
2025-05-22 04:59:00,111485.3,111510.0,111443.9,111449.5,87.114
2025-05-22 05:00:00,111449.5,111489.9,111426.6,111426.6,64.525
2025-05-22 05:01:00,111426.7,111454.3,111406.4,111428.3,107.188
2025-05-22 05:02:00,111428.3,111428.4,111405.1,111405.2,40.192
2025-05-22 05:03:00,111405.3,111416.0,111366.3,111397.5,129.584
2025-05-22 05:04:00,111397.4,111497.0,111391.0,111481.2,114.431
2025-05-22 05:05:00,111481.2,111569.0,111464.4,111558.3,153.256
2025-05-22 05:06:00,111558.4,111639.0,111453.3,111489.9,223.933
2025-05-22 05:07:00,111490.0,111518.9,111320.0,111347.4,248.874
2025-05-22 05:08:00,111347.5,111375.2,111280.0,111280.0,201.568
2025-05-22 05:09:00,111280.0,111280.0,111216.7,111279.4,303.486
2025-05-22 05:10:00,111279.4,111279.4,111161.7,111200.0,191.469
2025-05-22 05:11:00,111200.0,111239.7,111182.2,111209.4,177.057
2025-05-22 05:12:00,111209.4,111254.7,111186.5,111254.7,163.067
2025-05-22 05:13:00,111254.7,111254.7,111223.4,111253.4,57.823
2025-05-22 05:14:00,111253.5,111310.4,111235.0,111299.0,112.907
2025-05-22 05:15:00,111299.1,111449.2,111299.1,111412.1,189.38
2025-05-22 05:16:00,111412.3,111412.4,111331.4,111370.9,71.605
2025-05-22 05:17:00,111370.9,111397.8,111325.6,111397.7,37.913
2025-05-22 05:18:00,111397.8,111400.0,111290.6,111302.7,129.283
2025-05-22 05:19:00,111302.8,111380.3,111297.2,111353.3,43.439
2025-05-22 05:20:00,111353.4,111379.2,111300.1,111360.7,66.335
2025-05-22 05:21:00,111360.6,111360.7,111290.0,111300.7,72.846
2025-05-22 05:22:00,111300.6,111369.9,111293.1,111351.9,109.639
2025-05-22 05:23:00,111351.9,111410.0,111318.4,111344.1,126.765
2025-05-22 05:24:00,111344.1,111387.9,111312.6,111368.8,76.739
2025-05-22 05:25:00,111368.9,111387.6,111300.0,111320.4,174.293
2025-05-22 05:26:00,111320.3,111320.5,111244.0,111253.6,192.099
2025-05-22 05:27:00,111253.6,111304.9,111253.5,111294.8,77.139
2025-05-22 05:28:00,111294.8,111454.0,111294.7,111453.9,146.911
2025-05-22 05:29:00,111454.0,111454.8,111415.0,111415.0,117.283
2025-05-22 05:30:00,111415.1,111419.0,111311.8,111321.1,83.511
2025-05-22 05:31:00,111321.2,111366.4,111314.8,111344.8,40.499
2025-05-22 05:32:00,111344.8,111350.0,111275.7,111336.0,104.191
2025-05-22 05:33:00,111335.9,111353.9,111300.0,111332.2,50.047
2025-05-22 05:34:00,111332.2,111332.2,111288.1,111315.7,44.76
2025-05-22 05:35:00,111315.7,111335.5,111291.7,111325.1,79.022
2025-05-22 05:36:00,111325.1,111360.0,111318.6,111360.0,40.526
2025-05-22 05:37:00,111360.0,111429.9,111278.1,111329.3,99.851
2025-05-22 05:38:00,111329.4,111429.8,111321.3,111399.7,61.631
2025-05-22 05:39:00,111399.7,111430.7,111341.1,111425.3,280.327
2025-05-22 05:40:00,111425.4,111474.0,111285.5,111285.6,265.334
2025-05-22 05:41:00,111285.6,111349.0,111280.0,111348.9,252.642
2025-05-22 05:42:00,111348.9,111412.6,111340.1,111388.9,52.74
2025-05-22 05:43:00,111388.9,111449.7,111388.9,111403.0,78.095
2025-05-22 05:44:00,111402.9,111409.8,111363.5,111384.6,38.699
2025-05-22 05:45:00,111384.7,111394.9,111354.6,111384.2,25.417
2025-05-22 05:46:00,111384.3,111389.6,111320.0,111355.9,186.313
2025-05-22 05:47:00,111355.9,111396.0,111336.7,111395.9,251.619
2025-05-22 05:48:00,111396.0,111422.0,111366.9,111415.8,173.704
2025-05-22 05:49:00,111415.9,111451.6,111303.0,111381.4,412.498
2025-05-22 05:50:00,111381.4,111435.4,111375.8,111421.9,68.24
2025-05-22 05:51:00,111421.9,111422.0,111300.0,111399.9,324.889
2025-05-22 05:52:00,111399.9,111449.5,111399.9,111438.9,125.271
2025-05-22 05:53:00,111438.9,111472.8,111374.6,111442.2,246.407
2025-05-22 05:54:00,111442.2,111442.2,111281.2,111307.8,390.485
2025-05-22 05:55:00,111307.8,111308.1,110810.7,110929.8,1763.257
2025-05-22 05:56:00,110922.8,111135.9,110922.8,110999.0,1017.452
2025-05-22 05:57:00,110999.0,111043.5,110955.0,110978.3,693.184
2025-05-22 05:58:00,110978.3,110978.3,110799.2,110850.0,1120.894
2025-05-22 05:59:00,110850.0,110946.0,110772.8,110843.0,855.539
2025-05-22 06:00:00,110843.0,110900.0,110804.7,110876.0,355.741
2025-05-22 06:01:00,110875.9,111054.3,110875.9,111028.0,391.274
2025-05-22 06:02:00,111027.9,111028.0,110929.5,110971.3,275.6
2025-05-22 06:03:00,110971.4,111059.4,110962.5,111057.5,163.753
2025-05-22 06:04:00,111057.6,111147.6,111057.5,111105.9,204.71
2025-05-22 06:05:00,111105.9,111105.9,110978.2,111013.3,118.706
2025-05-22 06:06:00,111013.2,111013.3,110976.3,110994.7,105.255
2025-05-22 06:07:00,110994.8,111060.2,110980.4,110998.7,206.271
2025-05-22 06:08:00,110998.6,111063.7,110974.1,111023.0,124.859
2025-05-22 06:09:00,111023.1,111107.2,111002.6,111002.7,119.599
2025-05-22 06:10:00,111002.7,111002.7,110913.5,110924.5,160.466
2025-05-22 06:11:00,110924.6,110937.7,110877.0,110888.8,154.515
2025-05-22 06:12:00,110888.9,110932.6,110872.6,110912.3,115.666
2025-05-22 06:13:00,110912.3,110990.0,110893.4,110953.3,91.868
2025-05-22 06:14:00,110953.3,110975.0,110900.3,110956.9,413.406
2025-05-22 06:15:00,110957.0,110984.1,110880.0,110895.4,304.037
2025-05-22 06:16:00,110894.7,110894.7,110821.3,110821.4,129.167
2025-05-22 06:17:00,110821.4,110861.6,110801.6,110801.7,574.567
2025-05-22 06:18:00,110801.7,110874.3,110756.0,110792.7,893.232
2025-05-22 06:19:00,110792.6,110893.2,110784.7,110893.2,191.862
2025-05-22 06:20:00,110893.2,110919.3,110791.0,110818.7,172.391
2025-05-22 06:21:00,110818.8,110837.8,110762.5,110768.2,96.619
2025-05-22 06:22:00,110768.1,110835.0,110768.1,110834.9,72.242
2025-05-22 06:23:00,110835.0,110866.5,110792.0,110859.3,107.588
2025-05-22 06:24:00,110859.4,110954.5,110859.3,110954.5,95.918
2025-05-22 06:25:00,110954.4,110961.9,110907.9,110961.9,64.092
2025-05-22 06:26:00,110961.9,110995.9,110950.0,110954.5,79.968
2025-05-22 06:27:00,110954.4,110954.5,110756.0,110759.8,411.061
2025-05-22 06:28:00,110759.8,110941.0,110626.4,110830.3,1297.213
2025-05-22 06:29:00,110830.4,110871.7,110788.0,110790.0,73.709
2025-05-22 06:30:00,110790.1,110911.9,110790.0,110822.2,153.907
2025-05-22 06:31:00,110822.2,110822.3,110756.8,110779.3,73.089
2025-05-22 06:32:00,110779.3,110785.7,110679.6,110684.1,127.395
2025-05-22 06:33:00,110684.1,110693.9,110608.2,110683.8,321.535
2025-05-22 06:34:00,110683.8,110781.3,110674.8,110781.3,94.064
2025-05-22 06:35:00,110781.3,110864.6,110779.2,110800.1,176.544
2025-05-22 06:36:00,110800.1,110805.6,110693.3,110726.5,87.899
2025-05-22 06:37:00,110726.5,110750.0,110693.6,110700.0,70.127
2025-05-22 06:38:00,110700.1,110755.0,110699.0,110734.7,75.254
2025-05-22 06:39:00,110734.7,110754.9,110704.7,110720.0,62.781
2025-05-22 06:40:00,110719.9,110750.0,110700.0,110750.0,59.621
2025-05-22 06:41:00,110749.9,110822.1,110712.7,110801.2,69.957
2025-05-22 06:42:00,110801.2,110843.6,110797.1,110843.6,43.122
2025-05-22 06:43:00,110843.6,110850.0,110792.1,110792.2,79.735
2025-05-22 06:44:00,110792.2,110858.7,110792.1,110848.7,67.323
2025-05-22 06:45:00,110848.7,110927.6,110807.8,110856.9,195.091
2025-05-22 06:46:00,110856.8,110923.3,110840.0,110906.4,187.951
2025-05-22 06:47:00,110906.4,110914.9,110881.3,110892.4,73.87
2025-05-22 06:48:00,110892.4,110913.1,110666.0,110693.1,636.787
2025-05-22 06:49:00,110693.1,110693.1,110643.6,110652.5,196.257
2025-05-22 06:50:00,110652.6,110713.7,110652.5,110658.9,122.932
2025-05-22 06:51:00,110658.9,110696.0,110656.8,110656.9,122.679
2025-05-22 06:52:00,110656.9,110656.9,110624.1,110637.0,126.898
2025-05-22 06:53:00,110637.1,110649.1,110550.0,110627.2,444.071
2025-05-22 06:54:00,110627.2,110643.1,110581.5,110604.1,260.747
2025-05-22 06:55:00,110604.1,110604.2,110501.0,110536.9,385.89
2025-05-22 06:56:00,110536.8,110536.9,110500.0,110513.7,127.161
2025-05-22 06:57:00,110513.6,110523.3,110433.1,110467.5,419.495
2025-05-22 06:58:00,110467.5,110488.5,110450.0,110487.9,154.18
2025-05-22 06:59:00,110488.0,110576.8,110475.3,110576.7,271.784
2025-05-22 07:00:00,110576.8,110598.5,110540.6,110585.5,125.917
2025-05-22 07:01:00,110585.5,110603.5,110570.9,110603.0,166.906
2025-05-22 07:02:00,110602.9,110612.9,110438.4,110450.0,273.031
2025-05-22 07:03:00,110449.9,110480.4,110433.0,110440.0,196.094
2025-05-22 07:04:00,110440.0,110612.7,110439.9,110604.4,232.585
2025-05-22 07:05:00,110604.4,110660.7,110574.9,110581.9,114.242
2025-05-22 07:06:00,110581.8,110650.0,110510.0,110647.6,153.129
2025-05-22 07:07:00,110647.5,110676.0,110637.8,110638.0,87.859
2025-05-22 07:08:00,110637.9,110675.7,110619.6,110669.9,100.699
2025-05-22 07:09:00,110670.0,110670.0,110639.4,110650.1,77.441
2025-05-22 07:10:00,110650.1,110662.9,110550.3,110573.3,116.56
2025-05-22 07:11:00,110573.3,110597.7,110485.4,110539.8,163.69
2025-05-22 07:12:00,110539.7,110550.9,110510.1,110537.5,45.261
2025-05-22 07:13:00,110537.4,110651.4,110525.8,110651.4,398.53
2025-05-22 07:14:00,110651.4,110764.8,110651.3,110764.8,189.09
2025-05-22 07:15:00,110764.8,110851.5,110747.8,110827.6,423.952
2025-05-22 07:16:00,110827.6,110944.9,110827.5,110911.4,377.792
2025-05-22 07:17:00,110911.4,111035.3,110891.7,110952.2,1018.318
2025-05-22 07:18:00,110952.2,110962.4,110772.5,110772.6,233.726
2025-05-22 07:19:00,110772.5,110795.3,110676.0,110717.3,188.263
2025-05-22 07:20:00,110717.2,110717.3,110660.0,110669.4,79.756
2025-05-22 07:21:00,110669.4,110749.2,110659.1,110690.0,175.685
2025-05-22 07:22:00,110690.0,110690.0,110622.3,110656.8,89.378
2025-05-22 07:23:00,110656.8,110811.5,110656.8,110740.4,133.472
2025-05-22 07:24:00,110740.3,110807.6,110680.1,110680.1,63.616
2025-05-22 07:25:00,110680.1,110776.6,110658.0,110758.8,100.025
2025-05-22 07:26:00,110758.8,110760.0,110602.6,110624.6,135.054
2025-05-22 07:27:00,110624.6,110624.6,110552.0,110576.3,224.437
2025-05-22 07:28:00,110576.2,110644.5,110576.2,110632.5,121.234
2025-05-22 07:29:00,110632.5,110696.1,110583.4,110686.7,89.906
2025-05-22 07:30:00,110686.6,110692.1,110648.9,110648.9,51.355
2025-05-22 07:31:00,110648.9,110757.2,110607.0,110757.2,94.696
2025-05-22 07:32:00,110757.2,110803.5,110751.4,110799.9,87.096
2025-05-22 07:33:00,110800.0,110803.6,110770.9,110792.4,113.766
2025-05-22 07:34:00,110792.4,110829.2,110751.5,110807.1,119.865
2025-05-22 07:35:00,110807.1,110839.7,110791.7,110815.2,105.243
2025-05-22 07:36:00,110815.1,110888.7,110806.3,110888.7,117.341
2025-05-22 07:37:00,110888.7,110948.0,110883.2,110938.6,172.511
2025-05-22 07:38:00,110938.6,110987.2,110888.1,110907.3,270.703
2025-05-22 07:39:00,110907.3,110907.3,110835.6,110835.6,100.916
2025-05-22 07:40:00,110835.7,110964.7,110827.6,110961.2,124.625
2025-05-22 07:41:00,110961.1,110961.1,110900.5,110932.8,105.433
2025-05-22 07:42:00,110932.9,111022.8,110932.8,110941.2,235.454
2025-05-22 07:43:00,110941.2,110941.2,110806.5,110817.6,95.666
2025-05-22 07:44:00,110817.6,110843.0,110800.8,110840.4,77.98
2025-05-22 07:45:00,110840.4,110850.0,110803.5,110807.0,67.804
2025-05-22 07:46:00,110807.1,110925.7,110807.1,110811.6,75.985
2025-05-22 07:47:00,110811.6,110837.6,110735.1,110795.9,206.87
2025-05-22 07:48:00,110796.0,110892.3,110795.9,110840.5,161.141
2025-05-22 07:49:00,110840.4,110917.1,110830.8,110917.1,47.262
2025-05-22 07:50:00,110917.0,110936.0,110892.5,110896.1,91.358
2025-05-22 07:51:00,110896.0,110919.0,110892.5,110892.6,47.083
2025-05-22 07:52:00,110892.6,110898.0,110837.8,110897.8,69.156
2025-05-22 07:53:00,110897.9,110919.7,110862.9,110876.5,53.271
2025-05-22 07:54:00,110876.4,111002.5,110840.2,110951.6,677.083
2025-05-22 07:55:00,110951.7,111062.9,110937.1,111061.5,343.179
2025-05-22 07:56:00,111061.5,111100.0,111024.3,111088.2,279.857
2025-05-22 07:57:00,111088.2,111100.0,111026.1,111040.3,227.553
2025-05-22 07:58:00,111040.2,111058.2,111012.9,111045.0,126.246
2025-05-22 07:59:00,111045.0,111045.0,111005.8,111005.8,90.719
2025-05-22 08:00:00,111005.8,111097.9,111005.8,111049.4,183.167
2025-05-22 08:01:00,111049.4,111091.7,110966.9,110988.7,191.147
2025-05-22 08:02:00,110988.8,111002.1,110895.6,110895.7,154.619
2025-05-22 08:03:00,110895.6,110921.3,110895.6,110917.3,188.372
2025-05-22 08:04:00,110917.3,110941.2,110911.2,110940.7,123.591
2025-05-22 08:05:00,110940.7,110994.2,110936.1,110994.1,152.022
2025-05-22 08:06:00,110994.1,111039.5,110986.0,110986.4,94.544
2025-05-22 08:07:00,110986.4,111006.6,110915.2,110961.8,143.462
2025-05-22 08:08:00,110961.9,111033.7,110957.0,110958.7,89.309
2025-05-22 08:09:00,110958.7,110995.4,110958.6,110964.1,45.692
2025-05-22 08:10:00,110964.2,110998.2,110960.0,110969.1,68.641
2025-05-22 08:11:00,110969.0,110977.0,110907.1,110918.6,71.625
2025-05-22 08:12:00,110918.5,110947.6,110900.0,110947.5,65.12
2025-05-22 08:13:00,110947.5,111000.0,110947.5,110962.2,82.571
2025-05-22 08:14:00,110962.1,110977.4,110927.5,110954.5,92.998
2025-05-22 08:15:00,110954.5,110988.3,110954.4,110988.3,68.458
2025-05-22 08:16:00,110988.2,111028.0,110963.1,111011.8,155.429
2025-05-22 08:17:00,111011.8,111126.6,111011.7,111126.6,247.094
2025-05-22 08:18:00,111126.5,111126.5,111042.9,111042.9,131.207
2025-05-22 08:19:00,111042.8,111110.3,111031.2,111074.9,129.419
2025-05-22 08:20:00,111074.9,111074.9,111026.4,111059.6,105.744
2025-05-22 08:21:00,111059.6,111059.6,111023.6,111028.2,104.0
2025-05-22 08:22:00,111028.1,111053.3,111020.2,111023.8,92.564
2025-05-22 08:23:00,111023.8,111023.8,110900.6,110900.7,268.539
2025-05-22 08:24:00,110900.6,110900.7,110747.9,110781.2,481.106
2025-05-22 08:25:00,110781.2,110854.6,110744.5,110824.9,237.996
2025-05-22 08:26:00,110824.9,110900.0,110824.9,110877.5,177.531
2025-05-22 08:27:00,110877.6,110903.4,110868.2,110883.2,81.3
2025-05-22 08:28:00,110883.1,110883.2,110700.0,110718.5,308.148
2025-05-22 08:29:00,110718.5,110770.5,110677.8,110770.5,272.302
2025-05-22 08:30:00,110770.4,110785.6,110582.4,110631.3,639.264
2025-05-22 08:31:00,110631.3,110648.0,110483.8,110526.6,625.698
2025-05-22 08:32:00,110526.5,110588.9,110503.0,110532.3,228.781
2025-05-22 08:33:00,110532.4,110610.2,110516.4,110516.5,185.902
2025-05-22 08:34:00,110516.5,110533.1,110396.0,110422.7,362.422
2025-05-22 08:35:00,110422.6,110510.3,110422.6,110493.1,189.964
2025-05-22 08:36:00,110493.0,110572.1,110467.0,110572.0,98.332
2025-05-22 08:37:00,110572.0,110614.2,110572.0,110593.3,142.475
2025-05-22 08:38:00,110593.2,110597.6,110544.0,110597.5,145.609
2025-05-22 08:39:00,110597.5,110597.6,110545.4,110566.7,53.93
2025-05-22 08:40:00,110566.6,110574.5,110545.4,110562.5,62.31
2025-05-22 08:41:00,110562.4,110562.5,110462.0,110462.0,116.687
2025-05-22 08:42:00,110462.0,110542.7,110447.0,110542.7,150.393
2025-05-22 08:43:00,110542.6,110550.0,110489.3,110500.0,102.705
2025-05-22 08:44:00,110500.0,110533.3,110483.2,110517.6,77.153
2025-05-22 08:45:00,110517.5,110600.0,110516.4,110596.1,129.912
2025-05-22 08:46:00,110596.1,110620.0,110501.7,110525.5,78.73
2025-05-22 08:47:00,110525.6,110564.0,110517.5,110548.3,126.504
2025-05-22 08:48:00,110548.4,110557.0,110518.4,110538.4,69.305
2025-05-22 08:49:00,110538.5,110563.6,110425.1,110425.2,327.53
2025-05-22 08:50:00,110425.1,110433.0,110369.0,110391.0,557.22
2025-05-22 08:51:00,110390.9,110391.0,110363.1,110363.2,131.287
2025-05-22 08:52:00,110363.2,110399.9,110351.0,110351.0,150.08
2025-05-22 08:53:00,110351.0,110457.7,110350.0,110355.0,379.983
2025-05-22 08:54:00,110355.1,110500.1,110355.0,110484.5,388.549
2025-05-22 08:55:00,110484.6,110484.7,110377.2,110382.9,110.818
2025-05-22 08:56:00,110382.8,110457.2,110382.8,110421.0,70.216
2025-05-22 08:57:00,110421.0,110421.0,110386.7,110401.3,56.348
2025-05-22 08:58:00,110401.3,110439.8,110394.5,110394.6,66.707
2025-05-22 08:59:00,110394.5,110415.0,110372.8,110374.6,123.502
2025-05-22 09:00:00,110374.6,110406.7,110300.0,110300.6,328.656
2025-05-22 09:01:00,110300.6,110358.5,110287.2,110305.6,178.874
2025-05-22 09:02:00,110305.6,110315.8,110250.0,110266.1,161.845
2025-05-22 09:03:00,110266.1,110390.5,110266.1,110371.2,165.921
2025-05-22 09:04:00,110371.3,110436.9,110319.8,110394.1,178.038
2025-05-22 09:05:00,110394.0,110394.1,110295.8,110298.6,130.555
2025-05-22 09:06:00,110298.5,110308.3,110238.5,110272.2,300.36
2025-05-22 09:07:00,110272.2,110399.0,110272.1,110398.9,162.496
2025-05-22 09:08:00,110399.0,110506.8,110380.5,110433.3,220.533
2025-05-22 09:09:00,110433.2,110505.5,110411.4,110460.0,135.401
2025-05-22 09:10:00,110460.1,110490.0,110443.8,110443.9,109.082
2025-05-22 09:11:00,110443.9,110460.1,110421.9,110448.3,82.329
2025-05-22 09:12:00,110448.3,110448.3,110384.6,110406.7,153.306
2025-05-22 09:13:00,110406.6,110411.0,110390.1,110390.1,57.598
2025-05-22 09:14:00,110390.2,110483.8,110361.1,110402.9,231.972
2025-05-22 09:15:00,110402.9,110424.3,110258.4,110286.6,275.037
2025-05-22 09:16:00,110286.7,110384.6,110286.6,110360.9,148.762
2025-05-22 09:17:00,110361.0,110376.5,110283.0,110376.4,125.271
2025-05-22 09:18:00,110376.5,110463.6,110376.5,110403.4,273.234
2025-05-22 09:19:00,110403.4,110484.4,110403.3,110449.9,135.096
2025-05-22 09:20:00,110450.0,110505.0,110446.0,110504.9,174.456
2025-05-22 09:21:00,110504.9,110562.5,110504.9,110529.5,190.267
2025-05-22 09:22:00,110529.4,110578.9,110529.4,110538.8,154.556
2025-05-22 09:23:00,110538.8,110548.2,110481.4,110481.5,139.653
2025-05-22 09:24:00,110481.5,110481.5,110442.0,110478.0,74.458
2025-05-22 09:25:00,110477.9,110482.8,110440.0,110440.1,86.178
2025-05-22 09:26:00,110440.1,110578.0,110434.5,110561.1,97.038
2025-05-22 09:27:00,110561.2,110640.3,110561.1,110612.7,202.523
2025-05-22 09:28:00,110612.7,110639.5,110605.7,110633.0,110.132
2025-05-22 09:29:00,110633.0,110644.9,110623.9,110636.4,101.055
2025-05-22 09:30:00,110636.3,110636.4,110602.4,110623.9,86.073
2025-05-22 09:31:00,110623.9,110640.5,110580.0,110580.0,112.824
2025-05-22 09:32:00,110580.1,110612.8,110580.0,110600.4,73.931
2025-05-22 09:33:00,110600.4,110607.4,110580.0,110580.0,45.869
2025-05-22 09:34:00,110580.0,110595.2,110576.6,110595.1,72.869
2025-05-22 09:35:00,110595.2,110613.1,110488.9,110492.7,163.338
2025-05-22 09:36:00,110492.7,110587.3,110492.6,110587.0,132.672
2025-05-22 09:37:00,110587.0,110681.1,110587.0,110663.8,304.532
2025-05-22 09:38:00,110663.8,110761.7,110650.0,110760.4,194.534
2025-05-22 09:39:00,110760.4,110770.4,110696.3,110696.4,155.011
2025-05-22 09:40:00,110696.3,110763.0,110696.3,110737.8,62.391
2025-05-22 09:41:00,110737.8,110743.2,110629.0,110629.0,148.621
2025-05-22 09:42:00,110629.0,110629.1,110542.0,110572.9,113.584
2025-05-22 09:43:00,110573.0,110625.8,110567.1,110623.2,55.774
2025-05-22 09:44:00,110623.1,110623.1,110600.0,110613.5,68.07
2025-05-22 09:45:00,110613.5,110657.9,110607.8,110657.9,51.25
2025-05-22 09:46:00,110657.9,110658.0,110626.2,110626.2,51.363
2025-05-22 09:47:00,110626.2,110629.6,110551.7,110561.0,144.835
2025-05-22 09:48:00,110561.0,110616.8,110561.0,110609.9,182.0
2025-05-22 09:49:00,110609.9,110629.5,110564.7,110567.0,80.123
2025-05-22 09:50:00,110567.0,110642.4,110547.7,110625.0,110.162
2025-05-22 09:51:00,110625.1,110625.1,110561.2,110565.1,81.691
2025-05-22 09:52:00,110565.1,110614.1,110558.4,110614.0,49.444
2025-05-22 09:53:00,110614.0,110739.6,110614.0,110739.6,336.231
2025-05-22 09:54:00,110739.5,110756.8,110715.7,110756.8,118.639
2025-05-22 09:55:00,110756.7,110756.8,110703.1,110720.0,86.09
2025-05-22 09:56:00,110720.0,110745.2,110720.0,110721.3,65.126
2025-05-22 09:57:00,110721.3,110739.2,110697.0,110739.1,71.099
2025-05-22 09:58:00,110739.2,110797.6,110737.4,110757.1,220.562
2025-05-22 09:59:00,110757.0,110793.9,110757.0,110772.7,72.822
2025-05-22 10:00:00,110772.6,110784.7,110736.4,110784.7,193.334
2025-05-22 10:01:00,110784.7,110825.0,110767.3,110800.9,176.662
2025-05-22 10:02:00,110801.0,110829.2,110700.7,110733.0,152.029
2025-05-22 10:03:00,110732.7,110764.3,110700.7,110700.7,65.331
2025-05-22 10:04:00,110700.8,110730.9,110667.5,110693.3,98.481
2025-05-22 10:05:00,110693.3,110693.3,110668.5,110669.1,60.642
2025-05-22 10:06:00,110669.1,110669.2,110555.5,110560.2,158.094
2025-05-22 10:07:00,110560.2,110694.0,110560.1,110694.0,129.818
2025-05-22 10:08:00,110694.1,110753.8,110694.1,110700.0,72.209
2025-05-22 10:09:00,110700.1,110715.8,110671.2,110671.3,33.842
2025-05-22 10:10:00,110671.3,110721.0,110671.2,110720.9,69.837
2025-05-22 10:11:00,110720.9,110748.9,110703.1,110734.0,32.296
2025-05-22 10:12:00,110734.0,110734.0,110700.8,110721.3,32.842
2025-05-22 10:13:00,110721.2,110721.3,110681.8,110681.9,34.148
2025-05-22 10:14:00,110681.9,110689.4,110660.0,110689.4,53.087
2025-05-22 10:15:00,110689.4,110689.4,110656.8,110674.4,74.022
2025-05-22 10:16:00,110674.3,110674.4,110639.2,110655.4,64.156
2025-05-22 10:17:00,110655.4,110700.0,110655.4,110683.7,83.84
2025-05-22 10:18:00,110683.6,110745.4,110683.6,110745.3,59.224
2025-05-22 10:19:00,110745.4,110756.2,110705.4,110705.4,137.561
2025-05-22 10:20:00,110705.4,110753.2,110705.4,110730.8,53.852
2025-05-22 10:21:00,110730.8,110800.0,110719.9,110774.6,123.909
2025-05-22 10:22:00,110774.6,110800.6,110724.3,110724.3,105.729
2025-05-22 10:23:00,110724.3,110786.3,110724.3,110748.6,33.945
2025-05-22 10:24:00,110748.7,110840.2,110748.6,110840.2,66.449
2025-05-22 10:25:00,110840.2,110840.2,110800.0,110813.5,92.505
2025-05-22 10:26:00,110813.5,110873.0,110813.4,110869.1,98.746
2025-05-22 10:27:00,110869.1,110881.8,110857.0,110861.9,114.598
2025-05-22 10:28:00,110861.8,110911.0,110861.8,110887.2,133.55
2025-05-22 10:29:00,110887.3,110893.8,110859.9,110860.0,42.971
2025-05-22 10:30:00,110859.9,110860.0,110831.1,110848.3,65.793
2025-05-22 10:31:00,110848.3,110887.7,110784.9,110886.4,60.384
2025-05-22 10:32:00,110886.4,110911.0,110785.7,110795.8,127.705
2025-05-22 10:33:00,110795.8,110845.9,110795.8,110822.6,66.443
2025-05-22 10:34:00,110822.6,110859.5,110803.5,110859.5,31.358
2025-05-22 10:35:00,110859.5,110859.5,110805.2,110812.3,68.67
2025-05-22 10:36:00,110812.2,110839.6,110802.6,110839.6,28.348
